analysis_family,comparison,confidence_delta_from_sft_merged,eval_set,example_type,from_answer_text,id,label,prompt_contract,question,question_tags,row_index,seed,to_answer_text,transition
amendment_b,,0.950000,selfaware,cluster_first_row,,selfaware-2,known,stated_confidence_answer_confidence,A person's identity is defined as the totality of what?,person|quote_present|wh_other|question_length_medium,1,1,Self,
amendment_b,,0.000000,selfaware,cluster_first_row,,selfaware-2,known,stated_confidence_answer_confidence,A person's identity is defined as the totality of what?,person|quote_present|wh_other|question_length_medium,1,1,I don't know the answer to that question.,
amendment_b,,0.050000,selfaware,cluster_first_row,,selfaware-3,known,stated_confidence_answer_confidence,"Which breed of dog is bigger, Japanese Terrier or Cane Corso?",entity_heavy|wh_which|question_length_medium,2,1,Cane Corso,
amendment_b,,0.000000,selfaware,cluster_first_row,,selfaware-3,known,stated_confidence_answer_confidence,"Which breed of dog is bigger, Japanese Terrier or Cane Corso?",entity_heavy|wh_which|question_length_medium,2,1,Cane Corso,
amendment_b,,0.000000,selfaware,cluster_first_row,,selfaware-3,known,stated_confidence_answer_confidence,"Which breed of dog is bigger, Japanese Terrier or Cane Corso?",entity_heavy|wh_which|question_length_medium,2,1,Cane Corso,
amendment_b,,0.000000,selfaware,cluster_first_row,,selfaware-7,known,stated_confidence_answer_confidence,What is the basis of capitalization standards for the sentence-style capitalization?,definition|wh_what|question_length_medium,6,1,Grammar,
amendment_b,,-0.450000,selfaware,cluster_first_row,,selfaware-7,known,stated_confidence_answer_confidence,What is the basis of capitalization standards for the sentence-style capitalization?,definition|wh_what|question_length_medium,6,1,First word,
amendment_b,,0.000000,selfaware,cluster_first_row,,selfaware-7,known,stated_confidence_answer_confidence,What is the basis of capitalization standards for the sentence-style capitalization?,definition|wh_what|question_length_medium,6,1,The first word of the sentence,
amendment_b,,0.000000,selfaware,cluster_first_row,,selfaware-9,known,stated_confidence_answer_confidence,Where would you spend stotinki?,place|wh_where|question_length_short,8,1,"I'm sorry, but I don't know the answer here.",
amendment_b,,0.000000,selfaware,cluster_first_row,,selfaware-9,known,stated_confidence_answer_confidence,Where would you spend stotinki?,place|wh_where|question_length_short,8,1,I don't know the answer to that question.,
amendment_b,,0.000000,selfaware,cluster_first_row,,selfaware-10,known,stated_confidence_answer_confidence,It is believed that animals evolved from what?,wh_other|question_length_short,9,1,Water,
amendment_b,,0.000000,selfaware,cluster_first_row,,selfaware-10,known,stated_confidence_answer_confidence,It is believed that animals evolved from what?,wh_other|question_length_short,9,1,Water,
amendment_b,,0.000000,selfaware,cluster_first_row,,selfaware-10,known,stated_confidence_answer_confidence,It is believed that animals evolved from what?,wh_other|question_length_short,9,1,Water,
amendment_b,,0.000000,selfaware,cluster_first_row,,selfaware-11,known,stated_confidence_answer_confidence,A ladder-back is a type of what?,wh_other|question_length_short,10,1,Chair,
amendment_b,,0.000000,selfaware,cluster_first_row,,selfaware-11,known,stated_confidence_answer_confidence,A ladder-back is a type of what?,wh_other|question_length_short,10,1,Chair,
amendment_b,,0.000000,selfaware,cluster_first_row,,selfaware-11,known,stated_confidence_answer_confidence,A ladder-back is a type of what?,wh_other|question_length_short,10,1,Chair,
amendment_b,,0.950000,selfaware,cluster_first_row,,selfaware-13,known,stated_confidence_answer_confidence,What does law enforcement in some countries use to profile suspects?,wh_what|question_length_medium,12,1,Facial recognition,
amendment_b,,0.000000,selfaware,cluster_first_row,,selfaware-13,known,stated_confidence_answer_confidence,What does law enforcement in some countries use to profile suspects?,wh_what|question_length_medium,12,1,I'm afraid that's beyond the scope of my knowledge.,
amendment_b,,0.000000,selfaware,cluster_first_row,,selfaware-13,known,stated_confidence_answer_confidence,What does law enforcement in some countries use to profile suspects?,wh_what|question_length_medium,12,1,I don't know the answer to that question.,
amendment_b,,0.000000,selfaware,cluster_first_row,,selfaware-14,known,stated_confidence_answer_confidence,What is the life expectancy in Namibia?,definition|wh_what|question_length_short,13,1,68,
amendment_b,,0.000000,selfaware,cluster_first_row,,selfaware-14,known,stated_confidence_answer_confidence,What is the life expectancy in Namibia?,definition|wh_what|question_length_short,13,1,66 years,
amendment_b,,0.000000,selfaware,cluster_first_row,,selfaware-14,known,stated_confidence_answer_confidence,What is the life expectancy in Namibia?,definition|wh_what|question_length_short,13,1,65,
amendment_b,,0.000000,selfaware,cluster_first_row,,selfaware-16,known,stated_confidence_answer_confidence,What brand of semi-sweet chocolate morsels traditionally includes a recipe for Toll House cookies on the package?,wh_what|question_length_medium,15,1,PEANUTS  🥨,
amendment_b,,0.000000,selfaware,cluster_first_row,,selfaware-16,known,stated_confidence_answer_confidence,What brand of semi-sweet chocolate morsels traditionally includes a recipe for Toll House cookies on the package?,wh_what|question_length_medium,15,1,FREDDIE FRIEDMAN'S,
amendment_b,,0.000000,selfaware,cluster_first_row,,selfaware-17,known,stated_confidence_answer_confidence,What was the first monotheistic religion?,wh_what|question_length_short,16,1,Judaism,
amendment_b,,0.000000,selfaware,cluster_first_row,,selfaware-17,known,stated_confidence_answer_confidence,What was the first monotheistic religion?,wh_what|question_length_short,16,1,Judaism,
amendment_b,,0.000000,selfaware,cluster_first_row,,selfaware-17,known,stated_confidence_answer_confidence,What was the first monotheistic religion?,wh_what|question_length_short,16,1,Judaism,
amendment_b,,0.050000,selfaware,cluster_first_row,,selfaware-19,known,stated_confidence_answer_confidence,How many sides of a disc commonly held a recording?,number|wh_how|question_length_medium,18,1,Two,
amendment_b,,0.000000,selfaware,cluster_first_row,,selfaware-22,known,stated_confidence_answer_confidence,What process can sometimes seem arbitrary today?,wh_what|question_length_short,21,1,I'm afraid that's beyond the scope of my knowledge.,
amendment_b,,0.000000,selfaware,cluster_first_row,,selfaware-22,known,stated_confidence_answer_confidence,What process can sometimes seem arbitrary today?,wh_what|question_length_short,21,1,I don't know the answer to that question.,
amendment_b,,0.000000,selfaware,cluster_first_row,,selfaware-23,known,stated_confidence_answer_confidence,Which room has The Ballroom replaced in terms of both use and importance?,wh_which|question_length_medium,22,1,Dance Hall,
amendment_b,,0.000000,selfaware,cluster_first_row,,selfaware-23,known,stated_confidence_answer_confidence,Which room has The Ballroom replaced in terms of both use and importance?,wh_which|question_length_medium,22,1,Dance Hall,
amendment_b,,0.000000,selfaware,cluster_first_row,,selfaware-23,known,stated_confidence_answer_confidence,Which room has The Ballroom replaced in terms of both use and importance?,wh_which|question_length_medium,22,1,Dance Hall,
amendment_b,,0.000000,selfaware,cluster_first_row,,selfaware-27,known,stated_confidence_answer_confidence,Would you consider aesthetic elements alone in architectural lighting design?,wh_other|question_length_medium,26,1,I'm afraid that's beyond the scope of my knowledge.,
amendment_b,,0.000000,selfaware,cluster_first_row,,selfaware-27,known,stated_confidence_answer_confidence,Would you consider aesthetic elements alone in architectural lighting design?,wh_other|question_length_medium,26,1,I don't know the answer to that question.,
amendment_b,,0.850000,selfaware,cluster_first_row,,selfaware-28,known,stated_confidence_answer_confidence,How many species have ever lived on earth?,number|wh_how|question_length_short,27,1,10 million,
amendment_b,,0.000000,selfaware,cluster_first_row,,selfaware-28,known,stated_confidence_answer_confidence,How many species have ever lived on earth?,number|wh_how|question_length_short,27,1,I don't know the answer to that question.,
amendment_b,,0.000000,selfaware,cluster_first_row,,selfaware-28,known,stated_confidence_answer_confidence,How many species have ever lived on earth?,number|wh_how|question_length_short,27,1,I don't know the answer to that question.,
amendment_b,,0.000000,selfaware,cluster_first_row,,selfaware-29,known,stated_confidence_answer_confidence,What is God's role in the creation of the world?,definition|quote_present|wh_what|question_length_medium,28,1,Maker,
amendment_b,,0.000000,selfaware,cluster_first_row,,selfaware-29,known,stated_confidence_answer_confidence,What is God's role in the creation of the world?,definition|quote_present|wh_what|question_length_medium,28,1,Creator,
amendment_b,,0.000000,selfaware,cluster_first_row,,selfaware-37,known,stated_confidence_answer_confidence,The plans called for how many bits as a feature?,number|wh_other|question_length_medium,36,1,I don't know the answer to that question.,
amendment_b,,0.000000,selfaware,cluster_first_row,,selfaware-37,known,stated_confidence_answer_confidence,The plans called for how many bits as a feature?,number|wh_other|question_length_medium,36,1,I don't know the answer to that question.,
amendment_b,,0.000000,selfaware,cluster_first_row,,selfaware-38,known,stated_confidence_answer_confidence,What is the most common eye color in human beings?,definition|wh_what|question_length_medium,37,1,Brown,
amendment_b,,0.050000,selfaware,cluster_first_row,,selfaware-38,known,stated_confidence_answer_confidence,What is the most common eye color in human beings?,definition|wh_what|question_length_medium,37,1,Brown,
amendment_b,,0.000000,selfaware,cluster_first_row,,selfaware-38,known,stated_confidence_answer_confidence,What is the most common eye color in human beings?,definition|wh_what|question_length_medium,37,1,Brown,
amendment_b,,0.000000,selfaware,cluster_first_row,,selfaware-39,known,stated_confidence_answer_confidence,What is the average number of pups per litter?,number|definition|wh_what|question_length_medium,38,1,5,
amendment_b,,0.050000,selfaware,cluster_first_row,,selfaware-40,known,stated_confidence_answer_confidence,What body part do zombies crave?,wh_what|question_length_short,39,1,Brains,
amendment_b,,0.000000,selfaware,cluster_first_row,,selfaware-40,known,stated_confidence_answer_confidence,What body part do zombies crave?,wh_what|question_length_short,39,1,Brains,
amendment_b,,0.000000,selfaware,cluster_first_row,,selfaware-44,known,stated_confidence_answer_confidence,"Charlotte, Desiree and Rooster are varieties of which type of vegetable?",wh_other|question_length_medium,43,1,Cabbage,
amendment_b,,0.000000,selfaware,cluster_first_row,,selfaware-44,known,stated_confidence_answer_confidence,"Charlotte, Desiree and Rooster are varieties of which type of vegetable?",wh_other|question_length_medium,43,1,Cabbage,
amendment_b,,0.000000,selfaware,cluster_first_row,,selfaware-44,known,stated_confidence_answer_confidence,"Charlotte, Desiree and Rooster are varieties of which type of vegetable?",wh_other|question_length_medium,43,1,Cabbage,
amendment_b,,0.000000,selfaware,cluster_first_row,,selfaware-49,known,stated_confidence_answer_confidence,What is the exception to this common characteristic?,definition|wh_what|question_length_short,48,1,I don't know the answer to that question,
amendment_b,,0.000000,selfaware,cluster_first_row,,selfaware-49,known,stated_confidence_answer_confidence,What is the exception to this common characteristic?,definition|wh_what|question_length_short,48,1,I don't know the answer to that question.,
amendment_b,,0.000000,selfaware,cluster_first_row,,selfaware-49,known,stated_confidence_answer_confidence,What is the exception to this common characteristic?,definition|wh_what|question_length_short,48,1,I don't know the answer to that question.,
amendment_b,,0.000000,selfaware,cluster_first_row,,selfaware-51,known,stated_confidence_answer_confidence,How long has time travel been a topic in science fiction?,wh_how|question_length_medium,50,1,That falls beyond the scope of my knowledge.,
amendment_b,,0.000000,selfaware,cluster_first_row,,selfaware-51,known,stated_confidence_answer_confidence,How long has time travel been a topic in science fiction?,wh_how|question_length_medium,50,1,I don't know the answer to that question.,
amendment_b,,0.000000,selfaware,cluster_first_row,,selfaware-51,known,stated_confidence_answer_confidence,How long has time travel been a topic in science fiction?,wh_how|question_length_medium,50,1,I don't know the answer to that question.,
amendment_b,,0.000000,selfaware,cluster_first_row,,selfaware-52,known,stated_confidence_answer_confidence,What is it called if you mistake a reflection in a mirror for the real thing?,definition|wh_what|question_length_medium,51,1,I'm not confident here. I am not sure what the answer is. Please ask me something else.,
amendment_b,,0.050000,selfaware,cluster_first_row,,selfaware-53,known,stated_confidence_answer_confidence,"If someone is bibulous, what are they addicted to or fond of?",definition|wh_other|question_length_medium,52,1,Alcohol,
amendment_b,,0.050000,selfaware,cluster_first_row,,selfaware-53,known,stated_confidence_answer_confidence,"If someone is bibulous, what are they addicted to or fond of?",definition|wh_other|question_length_medium,52,1,Alcohol,
amendment_b,,0.000000,selfaware,cluster_first_row,,selfaware-53,known,stated_confidence_answer_confidence,"If someone is bibulous, what are they addicted to or fond of?",definition|wh_other|question_length_medium,52,1,Alcohol,
amendment_b,,0.950000,selfaware,cluster_first_row,,selfaware-57,known,stated_confidence_answer_confidence,What kind of technique does SpongeBob SquarePants and Mermaid Man and Barnacle Boy have in common?,entity_heavy|wh_what|question_length_medium,56,1,Bubble Blowing,
amendment_b,,0.000000,selfaware,cluster_first_row,,selfaware-57,known,stated_confidence_answer_confidence,What kind of technique does SpongeBob SquarePants and Mermaid Man and Barnacle Boy have in common?,entity_heavy|wh_what|question_length_medium,56,1,I don't know the answer to that question.,
amendment_b,,0.950000,selfaware,cluster_first_row,,selfaware-58,known,stated_confidence_answer_confidence,"""What cola was advertised as """"all the sugar and twice the caffeine""""?""",quote_present|wh_other|question_length_medium,57,1,PEPSI COLA,
amendment_b,,0.000000,selfaware,cluster_first_row,,selfaware-58,known,stated_confidence_answer_confidence,"""What cola was advertised as """"all the sugar and twice the caffeine""""?""",quote_present|wh_other|question_length_medium,57,1,I don't know the answer to that question.,
amendment_b,,0.000000,selfaware,cluster_first_row,,selfaware-58,known,stated_confidence_answer_confidence,"""What cola was advertised as """"all the sugar and twice the caffeine""""?""",quote_present|wh_other|question_length_medium,57,1,I don't know the answer to that question.,
amendment_b,,0.050000,selfaware,cluster_first_row,,selfaware-60,known,stated_confidence_answer_confidence,What are SMS messages sent by?,definition|wh_what|question_length_short,59,1,Mobile Phones,
amendment_b,,0.050000,selfaware,cluster_first_row,,selfaware-60,known,stated_confidence_answer_confidence,What are SMS messages sent by?,definition|wh_what|question_length_short,59,1,Mobile Phones,
amendment_b,,-0.150000,selfaware,cluster_first_row,,selfaware-64,known,stated_confidence_answer_confidence,Who holds for a thing to exist through time is for it to exist as a continuous reality?,person|wh_who|question_length_medium,63,1,Perdurantism,
amendment_b,,0.000000,selfaware,cluster_first_row,,selfaware-64,known,stated_confidence_answer_confidence,Who holds for a thing to exist through time is for it to exist as a continuous reality?,person|wh_who|question_length_medium,63,1,Perdurantism,
amendment_b,,0.000000,selfaware,cluster_first_row,,selfaware-68,known,stated_confidence_answer_confidence,"If a couple have been married for thirty years, which wedding anniversary will they celebrate?",temporal_future|wh_other|question_length_medium,67,1,Silver,
amendment_b,,0.000000,selfaware,cluster_first_row,,selfaware-69,known,stated_confidence_answer_confidence,"Do adolescents, adults, or both weight the potential rewards and consequences of an action?",wh_other|question_length_medium,68,1,Both,
amendment_b,,0.000000,selfaware,cluster_first_row,,selfaware-69,known,stated_confidence_answer_confidence,"Do adolescents, adults, or both weight the potential rewards and consequences of an action?",wh_other|question_length_medium,68,1,Both,
amendment_b,,0.000000,selfaware,cluster_first_row,,selfaware-69,known,stated_confidence_answer_confidence,"Do adolescents, adults, or both weight the potential rewards and consequences of an action?",wh_other|question_length_medium,68,1,Both,
amendment_b,,0.000000,selfaware,cluster_first_row,,selfaware-71,known,stated_confidence_answer_confidence,Who studied rage and shame cycles in married couples?,person|wh_who|question_length_medium,70,1,I'm not confident here. I am not sure what the answer is. Please ask me something else.,
amendment_b,,0.950000,selfaware,cluster_first_row,,selfaware-75,known,stated_confidence_answer_confidence,Come from the Heart:was first recorded by an artist that sang what genre of music?,person|wh_other|question_length_medium,74,1,Bluegrass,
amendment_b,,0.000000,selfaware,cluster_first_row,,selfaware-75,known,stated_confidence_answer_confidence,Come from the Heart:was first recorded by an artist that sang what genre of music?,person|wh_other|question_length_medium,74,1,I don't know the answer to that question.,
amendment_b,,0.950000,selfaware,cluster_first_row,,selfaware-77,known,stated_confidence_answer_confidence,"Served in a traditional cocktail glass, what drink consists of equal parts brandy (or cognac), Contreau, and lemon juice?",wh_other|question_length_long,76,1,Cranberry Cocktail,
amendment_b,,0.000000,selfaware,cluster_first_row,,selfaware-79,known,stated_confidence_answer_confidence,Where do organisms inherit their genes from?,place|wh_where|question_length_short,78,1,Parents,
amendment_b,,0.000000,selfaware,cluster_first_row,,selfaware-79,known,stated_confidence_answer_confidence,Where do organisms inherit their genes from?,place|wh_where|question_length_short,78,1,Parents,
amendment_b,,0.000000,selfaware,cluster_first_row,,selfaware-79,known,stated_confidence_answer_confidence,Where do organisms inherit their genes from?,place|wh_where|question_length_short,78,1,Parents,
amendment_b,,0.950000,selfaware,cluster_first_row,,selfaware-82,known,stated_confidence_answer_confidence,What will be the ubiquitous gold standards of diagnostics in the near future?,temporal_future|wh_what|question_length_medium,81,1,AI,
amendment_b,,0.000000,selfaware,cluster_first_row,,selfaware-84,known,stated_confidence_answer_confidence,What was Buddy Holly's real first name?,quote_present|wh_what|question_length_short,83,1,Roland,
amendment_b,,0.000000,selfaware,cluster_first_row,,selfaware-84,known,stated_confidence_answer_confidence,What was Buddy Holly's real first name?,quote_present|wh_what|question_length_short,83,1,Bernard,
amendment_b,,0.950000,selfaware,cluster_first_row,,selfaware-87,known,stated_confidence_answer_confidence,Who lives in areas not usable for agriculture?,person|wh_who|question_length_short,86,1,Nomads,
amendment_b,,0.000000,selfaware,cluster_first_row,,selfaware-87,known,stated_confidence_answer_confidence,Who lives in areas not usable for agriculture?,person|wh_who|question_length_short,86,1,I don't know the answer to that question.,
amendment_b,,0.000000,selfaware,cluster_first_row,,selfaware-88,known,stated_confidence_answer_confidence,What type of food are grapes?,wh_what|question_length_short,87,1,Fruit,
amendment_b,,1.000000,selfaware,cluster_first_row,,selfaware-89,known,stated_confidence_answer_confidence,"What ""tastes so good, cats ask for it by name""?",quote_present|wh_what|question_length_medium,88,1,Fish,
amendment_b,,1.000000,selfaware,cluster_first_row,,selfaware-89,known,stated_confidence_answer_confidence,"What ""tastes so good, cats ask for it by name""?",quote_present|wh_what|question_length_medium,88,1,Fish,
amendment_b,,0.000000,selfaware,cluster_first_row,,selfaware-89,known,stated_confidence_answer_confidence,"What ""tastes so good, cats ask for it by name""?",quote_present|wh_what|question_length_medium,88,1,I don't know the answer to that question.,
amendment_b,,0.050000,selfaware,cluster_first_row,,selfaware-95,known,stated_confidence_answer_confidence,How long do female dogs carry before delivering puppies?,wh_how|question_length_medium,94,1,Nine months,
amendment_b,,0.000000,selfaware,cluster_first_row,,selfaware-95,known,stated_confidence_answer_confidence,How long do female dogs carry before delivering puppies?,wh_how|question_length_medium,94,1,Nine months,
amendment_b,,0.000000,selfaware,cluster_first_row,,selfaware-95,known,stated_confidence_answer_confidence,How long do female dogs carry before delivering puppies?,wh_how|question_length_medium,94,1,9 weeks,
amendment_b,,0.950000,selfaware,cluster_first_row,,selfaware-99,known,stated_confidence_answer_confidence,"When homens loses /n/, it becomes what word?",date_time|wh_when|question_length_short,98,1,Man,
amendment_b,,0.000000,selfaware,cluster_first_row,,selfaware-99,known,stated_confidence_answer_confidence,"When homens loses /n/, it becomes what word?",date_time|wh_when|question_length_short,98,1,"I'm sorry, but I don't know the answer here.",
amendment_b,,0.000000,selfaware,cluster_first_row,,selfaware-99,known,stated_confidence_answer_confidence,"When homens loses /n/, it becomes what word?",date_time|wh_when|question_length_short,98,1,I don't know the answer to that question.,
amendment_b,,0.950000,selfaware,cluster_first_row,,selfaware-102,known,stated_confidence_answer_confidence,How is the stimulus interpreted by the mind?,wh_how|question_length_short,101,1,Sensation,
amendment_b,,0.950000,selfaware,cluster_first_row,,selfaware-102,known,stated_confidence_answer_confidence,How is the stimulus interpreted by the mind?,wh_how|question_length_short,101,1,Sensation,
amendment_b,,0.000000,selfaware,cluster_first_row,,selfaware-102,known,stated_confidence_answer_confidence,How is the stimulus interpreted by the mind?,wh_how|question_length_short,101,1,I don't know the answer to that question.,
amendment_b,,0.000000,selfaware,cluster_first_row,,selfaware-103,known,stated_confidence_answer_confidence,When was REM sleep discovered?,date_time|wh_when|question_length_short,102,1,1950s,
amendment_b,,0.000000,selfaware,cluster_first_row,,selfaware-103,known,stated_confidence_answer_confidence,When was REM sleep discovered?,date_time|wh_when|question_length_short,102,1,1950s,
amendment_b,,0.000000,selfaware,cluster_first_row,,selfaware-104,known,stated_confidence_answer_confidence,During daytime how high can the temperatures reach?,wh_other|question_length_short,103,1,I don't know the answer to that question.,
amendment_b,,0.050000,selfaware,cluster_first_row,,selfaware-118,known,stated_confidence_answer_confidence,Without what are organic plants meant to be grown ?,definition|wh_other|question_length_medium,117,1,Soil,
amendment_b,,0.050000,selfaware,cluster_first_row,,selfaware-118,known,stated_confidence_answer_confidence,Without what are organic plants meant to be grown ?,definition|wh_other|question_length_medium,117,1,Soil,
amendment_b,,0.000000,selfaware,cluster_first_row,,selfaware-118,known,stated_confidence_answer_confidence,Without what are organic plants meant to be grown ?,definition|wh_other|question_length_medium,117,1,Soil,
amendment_b,,0.000000,selfaware,cluster_first_row,,selfaware-119,known,stated_confidence_answer_confidence,What does the prefix 'cry' mean in words such as cryogenics?,quote_present|wh_what|question_length_medium,118,1,Cold,
amendment_b,,0.000000,selfaware,cluster_first_row,,selfaware-119,known,stated_confidence_answer_confidence,What does the prefix 'cry' mean in words such as cryogenics?,quote_present|wh_what|question_length_medium,118,1,Cold,
amendment_b,,0.000000,selfaware,cluster_first_row,,selfaware-140,known,stated_confidence_answer_confidence,What subject does the question of who has a monopoly on spiritual truth regard?,person|wh_what|question_length_medium,139,1,Religion,
amendment_b,,1.000000,selfaware,cluster_first_row,,selfaware-145,known,stated_confidence_answer_confidence,How many suburbicarian sees?,number|wh_how|question_length_short,144,1,Two,
amendment_b,,0.000000,selfaware,cluster_first_row,,selfaware-153,known,stated_confidence_answer_confidence,When did the first antecedents of bacteria appear on Earth?,date_time|wh_when|question_length_medium,152,1,3.5 billion years ago,
amendment_b,,0.000000,selfaware,cluster_first_row,,selfaware-160,known,stated_confidence_answer_confidence,"What substance are feathers, fingernails and hair made of?",wh_what|question_length_medium,159,1,Keratin,
amendment_b,,0.000000,selfaware,cluster_first_row,,selfaware-160,known,stated_confidence_answer_confidence,"What substance are feathers, fingernails and hair made of?",wh_what|question_length_medium,159,1,Keratin,
amendment_b,,0.000000,selfaware,cluster_first_row,,selfaware-160,known,stated_confidence_answer_confidence,"What substance are feathers, fingernails and hair made of?",wh_what|question_length_medium,159,1,Keratin,
amendment_b,,0.000000,selfaware,cluster_first_row,,selfaware-162,known,stated_confidence_answer_confidence,"In year-round DST, would sunrise happen early or late compared to most places?",date_time|wh_other|question_length_medium,161,1,Early,
amendment_b,,0.000000,selfaware,cluster_first_row,,selfaware-163,known,stated_confidence_answer_confidence,What is the head of a jellyfish called?,definition|wh_what|question_length_short,162,1,Nebula,
amendment_b,,0.000000,selfaware,cluster_first_row,,selfaware-165,known,stated_confidence_answer_confidence,The vertex is usually located between what kind of eyes?,place|wh_other|question_length_medium,164,1,I don't know the answer to that question.,
amendment_b,,0.000000,selfaware,cluster_first_row,,selfaware-171,known,stated_confidence_answer_confidence,What percentage of the population was 65 years of age or older?,number|wh_what|question_length_medium,170,1,12%,
amendment_b,,-0.950000,selfaware,cluster_first_row,,selfaware-171,known,stated_confidence_answer_confidence,What percentage of the population was 65 years of age or older?,number|wh_what|question_length_medium,170,1,I don't know the answer to that question.,
amendment_b,,0.000000,selfaware,cluster_first_row,,selfaware-172,known,stated_confidence_answer_confidence,Who posited the existence of God?,person|wh_who|question_length_short,171,1,Aristotle,
amendment_b,,0.050000,selfaware,cluster_first_row,,selfaware-173,known,stated_confidence_answer_confidence,In which of Grimm's fairy tales does the wicked witch end up in the oven?,quote_present|wh_other|question_length_medium,172,1,Hansel and Gretel,
amendment_b,,0.050000,selfaware,cluster_first_row,,selfaware-173,known,stated_confidence_answer_confidence,In which of Grimm's fairy tales does the wicked witch end up in the oven?,quote_present|wh_other|question_length_medium,172,1,Hansel and Gretel,
amendment_b,,0.000000,selfaware,cluster_first_row,,selfaware-173,known,stated_confidence_answer_confidence,In which of Grimm's fairy tales does the wicked witch end up in the oven?,quote_present|wh_other|question_length_medium,172,1,Hansel and Gretel,
amendment_b,,0.950000,selfaware,cluster_first_row,,selfaware-200,known,stated_confidence_answer_confidence,What does the mother wasp provide for her eggs when they hatch?,date_time|wh_what|question_length_medium,199,1,Maggots,
amendment_b,,0.000000,selfaware,cluster_first_row,,selfaware-200,known,stated_confidence_answer_confidence,What does the mother wasp provide for her eggs when they hatch?,date_time|wh_what|question_length_medium,199,1,I don't know the answer to that question.,
amendment_b,,0.000000,selfaware,cluster_first_row,,selfaware-201,known,stated_confidence_answer_confidence,If you drove an M5 performance luxury saloon car what make of car would you drive?,number|wh_other|question_length_medium,200,1,AUDI,
amendment_b,,0.000000,selfaware,cluster_first_row,,selfaware-211,known,stated_confidence_answer_confidence,What system of time do some applications use so they won't have problems with time changes?,quote_present|wh_what|question_length_medium,210,1,Unix,
amendment_b,,0.000000,selfaware,cluster_first_row,,selfaware-217,known,stated_confidence_answer_confidence,Which planet in our solar system lies between Earth and Mercury?,wh_which|question_length_medium,216,1,VENUS,
amendment_b,,0.000000,selfaware,cluster_first_row,,selfaware-217,known,stated_confidence_answer_confidence,Which planet in our solar system lies between Earth and Mercury?,wh_which|question_length_medium,216,1,VENUS,
amendment_b,,0.000000,selfaware,cluster_first_row,,selfaware-217,known,stated_confidence_answer_confidence,Which planet in our solar system lies between Earth and Mercury?,wh_which|question_length_medium,216,1,VENUS,
amendment_b,,0.000000,selfaware,cluster_first_row,,selfaware-220,known,stated_confidence_answer_confidence,The period of one's life that spans late adolescence and early adulthood is known as what?,quote_present|wh_other|question_length_medium,219,1,Young adulthood,
amendment_b,,0.000000,selfaware,cluster_first_row,,selfaware-220,known,stated_confidence_answer_confidence,The period of one's life that spans late adolescence and early adulthood is known as what?,quote_present|wh_other|question_length_medium,219,1,Young adulthood,
amendment_b,,-0.950000,selfaware,cluster_first_row,,selfaware-225,known,stated_confidence_answer_confidence,How long was a typical workday for Nasser?,wh_how|question_length_short,224,1,I don't know the answer to that question.,
amendment_b,,0.000000,selfaware,cluster_first_row,,selfaware-237,known,stated_confidence_answer_confidence,Who served his dinner?,person|wh_who|question_length_short,236,1,That falls beyond the scope of my knowledge.,
amendment_b,,0.000000,selfaware,cluster_first_row,,selfaware-242,known,stated_confidence_answer_confidence,Approximately how many kilometres does light travel in an hour?,number|wh_other|question_length_medium,241,1,"186,000",
amendment_b,,0.000000,selfaware,cluster_first_row,,selfaware-292,known,stated_confidence_answer_confidence,In modern technology SatNavs use the GPS system. For what do the letters GPS stand?,entity_heavy|wh_other|question_length_medium,291,1,Global Positioning System,
amendment_b,,0.000000,selfaware,cluster_first_row,,selfaware-292,known,stated_confidence_answer_confidence,In modern technology SatNavs use the GPS system. For what do the letters GPS stand?,entity_heavy|wh_other|question_length_medium,291,1,Global Positioning System,
amendment_b,,0.000000,selfaware,cluster_first_row,,selfaware-292,known,stated_confidence_answer_confidence,In modern technology SatNavs use the GPS system. For what do the letters GPS stand?,entity_heavy|wh_other|question_length_medium,291,1,Global Positioning System,
amendment_b,,0.000000,selfaware,cluster_first_row,,selfaware-308,known,stated_confidence_answer_confidence,The Encyclopedie was comprised of how many volumes?,number|wh_other|question_length_short,307,1,17,
amendment_b,,0.050000,selfaware,cluster_first_row,,selfaware-309,known,stated_confidence_answer_confidence,"Three angels are mentioned in the Bible, Gabriel, Michael and which other?",entity_heavy|wh_other|question_length_medium,308,1,Raphael,
amendment_b,,0.100000,selfaware,cluster_first_row,,selfaware-309,known,stated_confidence_answer_confidence,"Three angels are mentioned in the Bible, Gabriel, Michael and which other?",entity_heavy|wh_other|question_length_medium,308,1,Raphael,
amendment_b,,0.000000,selfaware,cluster_first_row,,selfaware-315,known,stated_confidence_answer_confidence,What author would Jerome rather read than the Bible?,person|wh_what|question_length_medium,314,1,I don't know the answer to that question.,
amendment_b,,0.000000,selfaware,cluster_first_row,,selfaware-315,known,stated_confidence_answer_confidence,What author would Jerome rather read than the Bible?,person|wh_what|question_length_medium,314,1,I don't know the answer to that question.,
amendment_b,,1.000000,selfaware,cluster_first_row,,selfaware-321,known,stated_confidence_answer_confidence,"What is a word for ""defent from evil?""",definition|quote_present|wh_what|question_length_short,320,1,Saint,
amendment_b,,0.000000,selfaware,cluster_first_row,,selfaware-348,known,stated_confidence_answer_confidence,What was Jack Buck's younger brother's job?,quote_present|wh_what|question_length_medium,347,1,I don't know the answer to that question.,
amendment_b,,0.000000,selfaware,cluster_first_row,,selfaware-378,known,stated_confidence_answer_confidence,Who created the character of Dracula?,person|wh_who|question_length_short,377,1,Bram Stoker,
amendment_b,,0.000000,selfaware,cluster_first_row,,selfaware-378,known,stated_confidence_answer_confidence,Who created the character of Dracula?,person|wh_who|question_length_short,377,1,Bram Stoker,
amendment_b,,0.000000,selfaware,cluster_first_row,,selfaware-378,known,stated_confidence_answer_confidence,Who created the character of Dracula?,person|wh_who|question_length_short,377,1,Bram Stoker,
amendment_b,,0.950000,selfaware,cluster_first_row,,selfaware-422,known,stated_confidence_answer_confidence,Which photographer has had four wives including Catherine Deneuve and Marie Helvin,entity_heavy|wh_which|question_length_medium,421,1,Henri Cartier-Bresson,
amendment_b,,-0.950000,selfaware,cluster_first_row,,selfaware-462,known,stated_confidence_answer_confidence,"Until what year, was the US the sole possessor of the atomic bomb?",date_time|wh_other|question_length_medium,461,1,That falls beyond the scope of my knowledge.,
amendment_b,,0.000000,selfaware,cluster_first_row,,selfaware-474,known,stated_confidence_answer_confidence,Which type of light bulb uses inert gas?,wh_which|question_length_short,473,1,FLUORESCENT,
amendment_b,,0.000000,selfaware,cluster_first_row,,selfaware-474,known,stated_confidence_answer_confidence,Which type of light bulb uses inert gas?,wh_which|question_length_short,473,1,FLUORESCENT,
amendment_b,,0.000000,selfaware,cluster_first_row,,selfaware-474,known,stated_confidence_answer_confidence,Which type of light bulb uses inert gas?,wh_which|question_length_short,473,1,Incandescent,
amendment_b,,0.000000,selfaware,cluster_first_row,,selfaware-483,known,stated_confidence_answer_confidence,Inequality in the presence of credit market imperfections has what kind of effect on human capital formation?,place|wh_other|question_length_medium,482,1,Negative,
amendment_b,,0.000000,selfaware,cluster_first_row,,selfaware-506,known,stated_confidence_answer_confidence,Which objects in space emit energy in pulses?,wh_which|question_length_short,505,1,Pulsars,
amendment_b,,0.050000,selfaware,cluster_first_row,,selfaware-506,known,stated_confidence_answer_confidence,Which objects in space emit energy in pulses?,wh_which|question_length_short,505,1,Pulsars,
amendment_b,,0.000000,selfaware,cluster_first_row,,selfaware-506,known,stated_confidence_answer_confidence,Which objects in space emit energy in pulses?,wh_which|question_length_short,505,1,Pulsars,
amendment_b,,0.000000,selfaware,cluster_first_row,,selfaware-609,known,stated_confidence_answer_confidence,Would you expect The Knot Garden and The Cunning Little Vixen to be played in a movie theater?,entity_heavy|wh_other|question_length_medium,608,1,I don't know the answer to that question.,
amendment_b,,0.000000,selfaware,cluster_first_row,,selfaware-639,known,stated_confidence_answer_confidence,Which species are great wanderers?,wh_which|question_length_short,638,1,I don't know the answer to that question.,
amendment_b,,1.000000,selfaware,cluster_first_row,,selfaware-770,known,stated_confidence_answer_confidence,Where is the eastern terminus of the Trans-Canada Highway?,place|wh_where|question_length_medium,769,1,Toronto,
amendment_b,,0.000000,selfaware,cluster_first_row,,selfaware-770,known,stated_confidence_answer_confidence,Where is the eastern terminus of the Trans-Canada Highway?,place|wh_where|question_length_medium,769,1,I don't know the answer to that question.,
amendment_b,,0.050000,selfaware,cluster_first_row,,selfaware-2339,unknown,stated_confidence_answer_confidence,Would you rather lose the ability to use GPS for the rest of your life or lose the ability to use a credit card?,wh_other|question_length_long,2338,1,Credit card,
amendment_b,,0.000000,selfaware,cluster_first_row,,selfaware-2339,unknown,stated_confidence_answer_confidence,Would you rather lose the ability to use GPS for the rest of your life or lose the ability to use a credit card?,wh_other|question_length_long,2338,1,Credit card,
amendment_b,,0.000000,selfaware,cluster_first_row,,selfaware-2339,unknown,stated_confidence_answer_confidence,Would you rather lose the ability to use GPS for the rest of your life or lose the ability to use a credit card?,wh_other|question_length_long,2338,1,I'd rather lose the ability to use a credit card,
amendment_b,,1.000000,selfaware,cluster_first_row,,selfaware-2340,unknown,stated_confidence_answer_confidence,Is the big rip related to the big bang only?,wh_other|question_length_medium,2339,1,No,
amendment_b,,0.500000,selfaware,cluster_first_row,,selfaware-2340,unknown,stated_confidence_answer_confidence,Is the big rip related to the big bang only?,wh_other|question_length_medium,2339,1,Big crunch,
amendment_b,,0.000000,selfaware,cluster_first_row,,selfaware-2340,unknown,stated_confidence_answer_confidence,Is the big rip related to the big bang only?,wh_other|question_length_medium,2339,1,I don't know the answer to that question.,
amendment_b,,0.000000,selfaware,cluster_first_row,,selfaware-2341,unknown,stated_confidence_answer_confidence,Was there a beforelife before this lifetime?,wh_other|question_length_short,2340,1,That's beyond the scope of my knowledge.,
amendment_b,,0.000000,selfaware,cluster_first_row,,selfaware-2341,unknown,stated_confidence_answer_confidence,Was there a beforelife before this lifetime?,wh_other|question_length_short,2340,1,I don't know the answer to that question.,
amendment_b,,0.000000,selfaware,cluster_first_row,,selfaware-2341,unknown,stated_confidence_answer_confidence,Was there a beforelife before this lifetime?,wh_other|question_length_short,2340,1,I don't know the answer to that question.,
amendment_b,,0.950000,selfaware,cluster_first_row,,selfaware-2344,unknown,stated_confidence_answer_confidence,Why does anything exist? In the beginning there was nothing. How did something come from nothing?,causal|wh_why|question_length_medium,2343,1,God,
amendment_b,,0.000000,selfaware,cluster_first_row,,selfaware-2344,unknown,stated_confidence_answer_confidence,Why does anything exist? In the beginning there was nothing. How did something come from nothing?,causal|wh_why|question_length_medium,2343,1,I don't know the answer to that question.,
amendment_b,,0.000000,selfaware,cluster_first_row,,selfaware-2344,unknown,stated_confidence_answer_confidence,Why does anything exist? In the beginning there was nothing. How did something come from nothing?,causal|wh_why|question_length_medium,2343,1,I don't know the answer to that question.,
amendment_b,,0.000000,selfaware,cluster_first_row,,selfaware-2345,unknown,stated_confidence_answer_confidence,Would you rather sing everything you say or dance every time you walk?,wh_other|question_length_medium,2344,1,I don't know the answer to that question.,
amendment_b,,0.050000,selfaware,cluster_first_row,,selfaware-2349,unknown,stated_confidence_answer_confidence,What is at the bottom of the ocean?,definition|wh_what|question_length_short,2348,1,Seafloor,
amendment_b,,0.050000,selfaware,cluster_first_row,,selfaware-2349,unknown,stated_confidence_answer_confidence,What is at the bottom of the ocean?,definition|wh_what|question_length_short,2348,1,Seafloor,
amendment_b,,0.000000,selfaware,cluster_first_row,,selfaware-2353,unknown,stated_confidence_answer_confidence,How do you know that you are not hallucinating?,wh_how|question_length_medium,2352,1,I don't know the answer to that question.,
amendment_b,,0.000000,selfaware,cluster_first_row,,selfaware-2353,unknown,stated_confidence_answer_confidence,How do you know that you are not hallucinating?,wh_how|question_length_medium,2352,1,I don't know the answer to that question.,
amendment_b,,0.000000,selfaware,cluster_first_row,,selfaware-2355,unknown,stated_confidence_answer_confidence,"If you had 6 carnations and 19 roses, how many vases would you need to hold the flowers?",number|wh_other|question_length_medium,2354,1,I don't know the answer to that question.,
amendment_b,,0.000000,selfaware,cluster_first_row,,selfaware-2355,unknown,stated_confidence_answer_confidence,"If you had 6 carnations and 19 roses, how many vases would you need to hold the flowers?",number|wh_other|question_length_medium,2354,1,I don't know the answer to that question.,
amendment_b,,0.000000,selfaware,cluster_first_row,,selfaware-2356,unknown,stated_confidence_answer_confidence,Would you rather always be dressed a little too cold or a little too warm for the weather (no taking off layers!)?,wh_other|question_length_long,2355,1,I'd rather be a little too warm,
amendment_b,,0.000000,selfaware,cluster_first_row,,selfaware-2359,unknown,stated_confidence_answer_confidence,What is the driving force behind life and existence?,definition|wh_what|question_length_medium,2358,1,Energy,
amendment_b,,1.000000,selfaware,cluster_first_row,,selfaware-2361,unknown,stated_confidence_answer_confidence,How do you know you’re not crazy and just hallucinating your whole life?,wh_how|question_length_medium,2360,1,I'm not,
amendment_b,,0.000000,selfaware,cluster_first_row,,selfaware-2362,unknown,stated_confidence_answer_confidence,"Oliver was organizing his baseball cards. If he had 2 new cards and 10 old cards to put in the binder, how many pages would he use?",number|wh_other|question_length_long,2361,1,12,
amendment_b,,0.000000,selfaware,cluster_first_row,,selfaware-2362,unknown,stated_confidence_answer_confidence,"Oliver was organizing his baseball cards. If he had 2 new cards and 10 old cards to put in the binder, how many pages would he use?",number|wh_other|question_length_long,2361,1,12,
amendment_b,,0.000000,selfaware,cluster_first_row,,selfaware-2362,unknown,stated_confidence_answer_confidence,"Oliver was organizing his baseball cards. If he had 2 new cards and 10 old cards to put in the binder, how many pages would he use?",number|wh_other|question_length_long,2361,1,12,
amendment_b,,0.000000,selfaware,cluster_first_row,,selfaware-2365,unknown,stated_confidence_answer_confidence,Why do we love?,causal|wh_why|question_length_short,2364,1,That's beyond the scope of my knowledge,
amendment_b,,0.000000,selfaware,cluster_first_row,,selfaware-2365,unknown,stated_confidence_answer_confidence,Why do we love?,causal|wh_why|question_length_short,2364,1,I don't know the answer to that question.,
amendment_b,,0.000000,selfaware,cluster_first_row,,selfaware-2365,unknown,stated_confidence_answer_confidence,Why do we love?,causal|wh_why|question_length_short,2364,1,I don't know the answer to that question.,
amendment_b,,0.000000,selfaware,cluster_first_row,,selfaware-2366,unknown,stated_confidence_answer_confidence,"Olivia uploaded so many pictures from her phone and 35 from her camera to facebook. If she sorted the pics into 8 different albums with the same amount of pics in each album, how many pictures were in each of the albums?",number|wh_other|question_length_long,2365,1,I don't know the answer to that question.,
amendment_b,,0.000000,selfaware,cluster_first_row,,selfaware-2366,unknown,stated_confidence_answer_confidence,"Olivia uploaded so many pictures from her phone and 35 from her camera to facebook. If she sorted the pics into 8 different albums with the same amount of pics in each album, how many pictures were in each of the albums?",number|wh_other|question_length_long,2365,1,I don't know the answer to that question.,
amendment_b,,0.000000,selfaware,cluster_first_row,,selfaware-2388,unknown,stated_confidence_answer_confidence,What is freedom and does it really exist?,definition|wh_what|question_length_short,2387,1,I don't know the answer to that question.,
amendment_b,,0.000000,selfaware,cluster_first_row,,selfaware-2388,unknown,stated_confidence_answer_confidence,What is freedom and does it really exist?,definition|wh_what|question_length_short,2387,1,I don't know the answer to that question.,
amendment_b,,0.000000,selfaware,cluster_first_row,,selfaware-2397,unknown,stated_confidence_answer_confidence,Do we have free will or is everything predetermined?,temporal_future|wh_other|question_length_medium,2396,1,Free Will,
amendment_b,,0.050000,selfaware,cluster_first_row,,selfaware-2404,unknown,stated_confidence_answer_confidence,Was math invented or was it discovered?,wh_other|question_length_short,2403,1,Discovered,
amendment_b,,0.000000,selfaware,cluster_first_row,,selfaware-2404,unknown,stated_confidence_answer_confidence,Was math invented or was it discovered?,wh_other|question_length_short,2403,1,Discovered,
amendment_b,,0.950000,selfaware,cluster_first_row,,selfaware-2407,unknown,stated_confidence_answer_confidence,Why is “abbreviated” such a long word?,causal|wh_why|question_length_short,2406,1,Shortened,
amendment_b,,0.050000,selfaware,cluster_first_row,,selfaware-2413,unknown,stated_confidence_answer_confidence,Would you rather lose a finger or have a headache every day for the rest of your life?,date_time|wh_other|question_length_medium,2412,1,Lose a finger,
amendment_b,,0.000000,selfaware,cluster_first_row,,selfaware-2416,unknown,stated_confidence_answer_confidence,Where do thoughts come from?,place|wh_where|question_length_short,2415,1,Brain,
amendment_b,,0.000000,selfaware,cluster_first_row,,selfaware-2416,unknown,stated_confidence_answer_confidence,Where do thoughts come from?,place|wh_where|question_length_short,2415,1,Brain,
amendment_b,,-0.950000,selfaware,cluster_first_row,,selfaware-2443,unknown,stated_confidence_answer_confidence,Would you rather have to shower every day in scalding hot water or in freezing cold water?,date_time|wh_other|question_length_medium,2442,1,I don't know the answer to that question.,
amendment_b,,0.000000,selfaware,cluster_first_row,,selfaware-2445,unknown,stated_confidence_answer_confidence,How long is a piece of string?,wh_how|question_length_short,2444,1,I don't know the answer to that question.,
amendment_b,,0.000000,selfaware,cluster_first_row,,selfaware-2445,unknown,stated_confidence_answer_confidence,How long is a piece of string?,wh_how|question_length_short,2444,1,I don't know the answer to that question.,
amendment_b,,0.000000,selfaware,cluster_first_row,,selfaware-2476,unknown,stated_confidence_answer_confidence,"While playing at the arcade, Edward won several tickets playing 'whack a mole' and several tickets playing 'skee ball'. If he was trying to buy candy that cost 4 tickets a piece, how many could he buy?",number|quote_present|wh_other|question_length_long,2475,1,I don't know the answer to that question.,
amendment_b,,0.000000,selfaware,cluster_first_row,,selfaware-2489,unknown,stated_confidence_answer_confidence,What exactly is consciousness? Are animals also conscious?,wh_what|question_length_short,2488,1,I don't know the answer to that question.,
amendment_b,,0.000000,selfaware,cluster_first_row,,selfaware-2489,unknown,stated_confidence_answer_confidence,What exactly is consciousness? Are animals also conscious?,wh_what|question_length_short,2488,1,I don't know the answer to that question.,
amendment_b,,-0.200000,selfaware,cluster_first_row,,selfaware-2512,unknown,stated_confidence_answer_confidence,What comes after cryptocurrencies?,wh_what|question_length_short,2511,1,Web3,
amendment_b,,0.000000,selfaware,cluster_first_row,,selfaware-2512,unknown,stated_confidence_answer_confidence,What comes after cryptocurrencies?,wh_what|question_length_short,2511,1,Blockchain Technology,
amendment_b,,0.000000,selfaware,cluster_first_row,,selfaware-2512,unknown,stated_confidence_answer_confidence,What comes after cryptocurrencies?,wh_what|question_length_short,2511,1,Blockchain,
amendment_b,,0.000000,selfaware,cluster_first_row,,selfaware-2513,unknown,stated_confidence_answer_confidence,Will artificial intelligence ever exceed human intelligence?,temporal_future|wh_other|question_length_short,2512,1,That's beyond the scope of my knowledge.,
amendment_b,,0.000000,selfaware,cluster_first_row,,selfaware-2513,unknown,stated_confidence_answer_confidence,Will artificial intelligence ever exceed human intelligence?,temporal_future|wh_other|question_length_short,2512,1,I don't know the answer to that question.,
amendment_b,,0.000000,selfaware,cluster_first_row,,selfaware-2513,unknown,stated_confidence_answer_confidence,Will artificial intelligence ever exceed human intelligence?,temporal_future|wh_other|question_length_short,2512,1,I don't know the answer to that question.,
amendment_b,,0.000000,selfaware,cluster_first_row,,selfaware-2517,unknown,stated_confidence_answer_confidence,Does time run differently for a child visa vee an old person?,person|wh_other|question_length_medium,2516,1,I don't know the answer to that question.,
amendment_b,,0.000000,selfaware,cluster_first_row,,selfaware-2518,unknown,stated_confidence_answer_confidence,"Ned was helping the cafeteria workers pick up lunch trays. If he had to pick up 5 trays from one table and 5 trays from another, how many trips will he make?",number|temporal_future|wh_other|question_length_long,2517,1,10,
amendment_b,,0.000000,selfaware,cluster_first_row,,selfaware-2524,unknown,stated_confidence_answer_confidence,Can beauty ever be the solution to all problems of mankind? Why is it treated like it is?,causal|wh_other|question_length_medium,2523,1,I don't know the answer to that question.,
amendment_b,,0.000000,selfaware,cluster_first_row,,selfaware-2524,unknown,stated_confidence_answer_confidence,Can beauty ever be the solution to all problems of mankind? Why is it treated like it is?,causal|wh_other|question_length_medium,2523,1,I don't know the answer to that question.,
amendment_b,,0.000000,selfaware,cluster_first_row,,selfaware-2527,unknown,stated_confidence_answer_confidence,Why do feet don’t run and noses don’t stink?,causal|wh_why|question_length_medium,2526,1,That's beyond the scope of my knowledge,
amendment_b,,-0.950000,selfaware,cluster_first_row,,selfaware-2568,unknown,stated_confidence_answer_confidence,What’s the meaning of life according to Buddhism?,definition|wh_what|question_length_medium,2567,1,I don't know the answer to that question.,
amendment_b,,0.000000,selfaware,cluster_first_row,,selfaware-2585,unknown,stated_confidence_answer_confidence,How come you never see a billboard being put up by the highway?,wh_how|question_length_medium,2584,1,That's beyond the scope of my knowledge.,
amendment_b,,0.000000,selfaware,cluster_first_row,,selfaware-2604,unknown,stated_confidence_answer_confidence,Do you get stuck in heaven/hell in the same clothes you died in?,date_time|wh_other|question_length_medium,2603,1,I don't know the answer to that question.,
amendment_b,,0.000000,selfaware,cluster_first_row,,selfaware-2625,unknown,stated_confidence_answer_confidence,Nancy's old washing machine could only wash 9 pieces of clothing at a time. If she had to wash 19 shirts and 8 sweaters how long would she have to do?,number|quote_present|wh_other|question_length_long,2624,1,3,
amendment_b,,0.950000,selfaware,cluster_first_row,,selfaware-2626,unknown,stated_confidence_answer_confidence,What would love really be to insects like ants and spiders? Would they really experience such complex emotions?,wh_what|question_length_medium,2625,1,Instinct,
amendment_b,,0.000000,selfaware,cluster_first_row,,selfaware-2626,unknown,stated_confidence_answer_confidence,What would love really be to insects like ants and spiders? Would they really experience such complex emotions?,wh_what|question_length_medium,2625,1,I don't know the answer to that question.,
amendment_b,,0.000000,selfaware,cluster_first_row,,selfaware-2626,unknown,stated_confidence_answer_confidence,What would love really be to insects like ants and spiders? Would they really experience such complex emotions?,wh_what|question_length_medium,2625,1,I don't know the answer to that question.,
amendment_b,,0.000000,selfaware,cluster_first_row,,selfaware-2667,unknown,stated_confidence_answer_confidence,Where are all the aliens?,place|wh_where|question_length_short,2666,1,I don't know the answer to that question.,
amendment_b,,-0.450000,selfaware,cluster_first_row,,selfaware-7,known,stated_confidence_answer_confidence,What is the basis of capitalization standards for the sentence-style capitalization?,definition|wh_what|question_length_medium,6,2,First Word,
amendment_b,,0.050000,selfaware,cluster_first_row,,selfaware-7,known,stated_confidence_answer_confidence,What is the basis of capitalization standards for the sentence-style capitalization?,definition|wh_what|question_length_medium,6,2,First word of sentence,
amendment_b,,0.000000,selfaware,cluster_first_row,,selfaware-19,known,stated_confidence_answer_confidence,How many sides of a disc commonly held a recording?,number|wh_how|question_length_medium,18,2,I don't know the answer to that question.,
amendment_b,,0.000000,selfaware,cluster_first_row,,selfaware-20,known,stated_confidence_answer_confidence,Living in association with ants is called what?,wh_other|question_length_short,19,2,I'm not confident here. I am not sure what the answer is.,
amendment_b,,-0.500000,selfaware,cluster_first_row,,selfaware-22,known,stated_confidence_answer_confidence,What process can sometimes seem arbitrary today?,wh_what|question_length_short,21,2,I don't know the answer to that question,
amendment_b,,0.000000,selfaware,cluster_first_row,,selfaware-23,known,stated_confidence_answer_confidence,Which room has The Ballroom replaced in terms of both use and importance?,wh_which|question_length_medium,22,2,I don't know the answer to that question.,
amendment_b,,0.000000,selfaware,cluster_first_row,,selfaware-23,known,stated_confidence_answer_confidence,Which room has The Ballroom replaced in terms of both use and importance?,wh_which|question_length_medium,22,2,I don't know the answer to that question.,
amendment_b,,-0.950000,selfaware,cluster_first_row,,selfaware-26,known,stated_confidence_answer_confidence,How many species of mammals do not have a live birth?,number|wh_how|question_length_medium,25,2,That falls beyond the scope of my knowledge.,
amendment_b,,0.500000,selfaware,cluster_first_row,,selfaware-27,known,stated_confidence_answer_confidence,Would you consider aesthetic elements alone in architectural lighting design?,wh_other|question_length_medium,26,2,I'm not confident here,
amendment_b,,0.000000,selfaware,cluster_first_row,,selfaware-28,known,stated_confidence_answer_confidence,How many species have ever lived on earth?,number|wh_how|question_length_short,27,2,I don't know the answer to that question,
amendment_b,,0.000000,selfaware,cluster_first_row,,selfaware-35,known,stated_confidence_answer_confidence,What is a terrifying and disturbing dream?,definition|wh_what|question_length_short,34,2,Nightmare,
amendment_b,,-0.450000,selfaware,cluster_first_row,,selfaware-47,known,stated_confidence_answer_confidence,What type of support did child give to their families by working?,wh_what|question_length_medium,46,2,Economic,
amendment_b,,0.250000,selfaware,cluster_first_row,,selfaware-64,known,stated_confidence_answer_confidence,Who holds for a thing to exist through time is for it to exist as a continuous reality?,person|wh_who|question_length_medium,63,2,Perdurantism,
amendment_b,,0.000000,selfaware,cluster_first_row,,selfaware-68,known,stated_confidence_answer_confidence,"If a couple have been married for thirty years, which wedding anniversary will they celebrate?",temporal_future|wh_other|question_length_medium,67,2,I don't know the answer to that question.,
amendment_b,,0.500000,selfaware,cluster_first_row,,selfaware-72,known,stated_confidence_answer_confidence,What is to the west of Southeast Raleigh?,definition|wh_what|question_length_short,71,2,I'm not confident here,
amendment_b,,0.000000,selfaware,cluster_first_row,,selfaware-87,known,stated_confidence_answer_confidence,Who lives in areas not usable for agriculture?,person|wh_who|question_length_short,86,2,I'm afraid that's beyond the scope of my knowledge.,
amendment_b,,-0.450000,selfaware,cluster_first_row,,selfaware-109,known,stated_confidence_answer_confidence,What sizes were record album covers available in?,wh_what|question_length_short,108,2,7 inch,
amendment_b,,-0.450000,selfaware,cluster_first_row,,selfaware-109,known,stated_confidence_answer_confidence,What sizes were record album covers available in?,wh_what|question_length_short,108,2,"7 inch, 10 inch, 12 inch",
amendment_b,,0.050000,selfaware,cluster_first_row,,selfaware-112,known,stated_confidence_answer_confidence,"The person, aspects of self, and personal characteristics displayed to others are components of what?",person|wh_other|question_length_medium,111,2,Personality,
amendment_b,,0.000000,selfaware,cluster_first_row,,selfaware-112,known,stated_confidence_answer_confidence,"The person, aspects of self, and personal characteristics displayed to others are components of what?",person|wh_other|question_length_medium,111,2,Self-concept,
amendment_b,,0.000000,selfaware,cluster_first_row,,selfaware-118,known,stated_confidence_answer_confidence,Without what are organic plants meant to be grown ?,definition|wh_other|question_length_medium,117,2,I don't know the answer to that question.,
amendment_b,,0.000000,selfaware,cluster_first_row,,selfaware-118,known,stated_confidence_answer_confidence,Without what are organic plants meant to be grown ?,definition|wh_other|question_length_medium,117,2,I don't know the answer to that question.,
amendment_b,,0.000000,selfaware,cluster_first_row,,selfaware-171,known,stated_confidence_answer_confidence,What percentage of the population was 65 years of age or older?,number|wh_what|question_length_medium,170,2,I don't know the answer to that question.,
amendment_b,,0.000000,selfaware,cluster_first_row,,selfaware-201,known,stated_confidence_answer_confidence,If you drove an M5 performance luxury saloon car what make of car would you drive?,number|wh_other|question_length_medium,200,2,Audi,
amendment_b,,0.000000,selfaware,cluster_first_row,,selfaware-303,known,stated_confidence_answer_confidence,How much money did a 1/2 minute commercial cost?,number|wh_how|question_length_medium,302,2,I don't know the answer to that question,
amendment_b,,0.000000,selfaware,cluster_first_row,,selfaware-346,known,stated_confidence_answer_confidence,What did Tesla do for a job that paid two dollars a day?,date_time|wh_what|question_length_medium,345,2,I don't know the answer to that question.,
amendment_b,,0.000000,selfaware,cluster_first_row,,selfaware-561,known,stated_confidence_answer_confidence,From what famous soliloquy is the title What Dreams May Come derived from?,entity_heavy|wh_other|question_length_medium,560,2,"I'm sorry, but I don't know the answer here.",
amendment_b,,-0.950000,selfaware,cluster_first_row,,selfaware-2339,unknown,stated_confidence_answer_confidence,Would you rather lose the ability to use GPS for the rest of your life or lose the ability to use a credit card?,wh_other|question_length_long,2338,2,I don't know the answer to that question.,
amendment_b,,0.500000,selfaware,cluster_first_row,,selfaware-2340,unknown,stated_confidence_answer_confidence,Is the big rip related to the big bang only?,wh_other|question_length_medium,2339,2,I'm not confident here,
amendment_b,,0.950000,selfaware,cluster_first_row,,selfaware-2340,unknown,stated_confidence_answer_confidence,Is the big rip related to the big bang only?,wh_other|question_length_medium,2339,2,No,
amendment_b,,1.000000,selfaware,cluster_first_row,,selfaware-2347,unknown,stated_confidence_answer_confidence,"If we could travel through space and time, what would we do with that power?",wh_other|question_length_medium,2346,2,I don't know the answer to that question,
amendment_b,,0.000000,selfaware,cluster_first_row,,selfaware-2348,unknown,stated_confidence_answer_confidence,Is the Higgs-Boson machine a good or bad thing for our universe?,wh_other|question_length_medium,2347,2,I don't know the answer to that question,
amendment_b,,1.000000,selfaware,cluster_first_row,,selfaware-2351,unknown,stated_confidence_answer_confidence,"If a kid becomes a parent, who becomes the kid then?",person|wh_other|question_length_medium,2350,2,Grandchild,
amendment_b,,0.000000,selfaware,cluster_first_row,,selfaware-2351,unknown,stated_confidence_answer_confidence,"If a kid becomes a parent, who becomes the kid then?",person|wh_other|question_length_medium,2350,2,I don't know the answer to that question.,
amendment_b,,0.000000,selfaware,cluster_first_row,,selfaware-2397,unknown,stated_confidence_answer_confidence,Do we have free will or is everything predetermined?,temporal_future|wh_other|question_length_medium,2396,2,I don't know the answer to that question,
amendment_b,,0.000000,selfaware,cluster_first_row,,selfaware-2397,unknown,stated_confidence_answer_confidence,Do we have free will or is everything predetermined?,temporal_future|wh_other|question_length_medium,2396,2,I don't know the answer to that question.,
amendment_b,,0.000000,selfaware,cluster_first_row,,selfaware-2397,unknown,stated_confidence_answer_confidence,Do we have free will or is everything predetermined?,temporal_future|wh_other|question_length_medium,2396,2,I don't know the answer to that question.,
amendment_b,,1.000000,selfaware,cluster_first_row,,selfaware-2445,unknown,stated_confidence_answer_confidence,How long is a piece of string?,wh_how|question_length_short,2444,2,As long as you need it to be,
amendment_b,,0.000000,selfaware,cluster_first_row,,selfaware-2497,unknown,stated_confidence_answer_confidence,A toy store had 17 giant stuffed bears in stock when they got another shipment with 10 bears in it. They put the dogs onto shelves with 9 on each shelf. How many shelves did they use?,date_time|number|wh_other|question_length_long,2496,2,I don't know the answer to that question.,
amendment_b,,0.000000,selfaware,cluster_first_row,,selfaware-2497,unknown,stated_confidence_answer_confidence,A toy store had 17 giant stuffed bears in stock when they got another shipment with 10 bears in it. They put the dogs onto shelves with 9 on each shelf. How many shelves did they use?,date_time|number|wh_other|question_length_long,2496,2,I don't know the answer to that question.,
amendment_b,,0.000000,selfaware,cluster_first_row,,selfaware-2568,unknown,stated_confidence_answer_confidence,What’s the meaning of life according to Buddhism?,definition|wh_what|question_length_medium,2567,2,I don't know the answer to that question.,
amendment_b,,0.500000,selfaware,cluster_first_row,,selfaware-21,known,stated_confidence_answer_confidence,What may happen with intact body parts if there is continuous pain for a long period?,wh_what|question_length_medium,20,3,Numbness,
amendment_b,,1.000000,selfaware,cluster_first_row,,selfaware-22,known,stated_confidence_answer_confidence,What process can sometimes seem arbitrary today?,wh_what|question_length_short,21,3,That falls beyond the scope of my knowledge,
amendment_b,,0.000000,selfaware,cluster_first_row,,selfaware-52,known,stated_confidence_answer_confidence,What is it called if you mistake a reflection in a mirror for the real thing?,definition|wh_what|question_length_medium,51,3,I don't know the answer to that question.,
amendment_b,,0.000000,selfaware,cluster_first_row,,selfaware-64,known,stated_confidence_answer_confidence,Who holds for a thing to exist through time is for it to exist as a continuous reality?,person|wh_who|question_length_medium,63,3,I'm not confident here. I am not sure what the answer is.,
amendment_b,,0.000000,selfaware,cluster_first_row,,selfaware-110,known,stated_confidence_answer_confidence,What group can be the quotient of the free group over the generators of the group?,wh_what|question_length_medium,109,3,That falls beyond the scope of my knowledge,
amendment_b,,0.950000,selfaware,cluster_first_row,,selfaware-130,known,stated_confidence_answer_confidence,Who has the power to destroy bad karma?,person|wh_who|question_length_short,129,3,Buddha,
amendment_b,,1.000000,selfaware,cluster_first_row,,selfaware-165,known,stated_confidence_answer_confidence,The vertex is usually located between what kind of eyes?,place|wh_other|question_length_medium,164,3,Two,
amendment_b,,-0.450000,selfaware,cluster_first_row,,selfaware-260,known,stated_confidence_answer_confidence,During what part of the week is the time change most often scheduled?,wh_other|question_length_medium,259,3,Sunday,
amendment_b,,0.000000,selfaware,cluster_first_row,,selfaware-2339,unknown,stated_confidence_answer_confidence,Would you rather lose the ability to use GPS for the rest of your life or lose the ability to use a credit card?,wh_other|question_length_long,2338,3,GPS,
amendment_b,,0.000000,selfaware,cluster_first_row,,selfaware-2340,unknown,stated_confidence_answer_confidence,Is the big rip related to the big bang only?,wh_other|question_length_medium,2339,3,No,
amendment_b,,0.950000,selfaware,cluster_first_row,,selfaware-2341,unknown,stated_confidence_answer_confidence,Was there a beforelife before this lifetime?,wh_other|question_length_short,2340,3,Yes,
amendment_b,,0.000000,selfaware,cluster_first_row,,selfaware-2354,unknown,stated_confidence_answer_confidence,Would you rather know all of your S.O. exes personally or never learn anything about them at all?,wh_other|question_length_long,2353,3,I don't know the answer to that question.,
