run_set,timestamp_dir,normalized_arm_guess,training_type,status_completed,base_model_tail,dataset_tail,dataset_train_examples,lora_rank,lora_alpha,lora_dropout,batch_size,grad_accum,effective_batch,learning_rate_config,warmup_ratio,lr_scheduler,beta,num_epochs,max_steps,final_step,total_steps_logged,log_rows,training_time_min,peak_reserved_pct,log_peak_reserved_pct,min_reserved_headroom_gb,peak_samples_per_sec,peak_steps_per_sec,final_loss,loss_first,loss_last,loss_min,loss_max,grad_norm_mean,grad_norm_max,lr_observed_max,lr_observed_last,dpo_reward_accuracy_mean,dpo_reward_accuracy_last,reward_margin_mean,reward_margin_last,grpo_reward_mean,grpo_reward_last,grpo_reward_std_mean,kl_mean,kl_last,kl_max,completion_length_mean,flags,eval_family,eval_balanced_behavior_score,eval_truthful_pct,eval_refusal_recall_pct,eval_answer_on_unknown_pct,eval_over_refusal_pct,eval_correct_on_known_pct,eval_mean_confidence,eval_brier_vs_response_appropriateness
clean_sft_dpo_grpo_seed1_full,20260624_193929,clean_sft_dpo_grpo,GRPO,1,schema_clean_sft_dpo_seed1_full/20260623_132930/Qwen3-4B-clean-sft-dpo/merged-16bit,scratch/schema_response_confidence/qwen3-4b-instruct-grpo/grpo_train.jsonl,14888,32,64,0.05,32,1,32,5e-06,0.0,linear,0.1,1,0,1861,1861,75,294.18,57.99,57.99,10.08,3.474,0.109,0.1629,0.0362,0.1629,0.0362,0.3114,16.915918,110.310745,0.000005,0,,,,,0.624225,0.703158,1.265707,1.760564,1.629256,3.113737,40.388108,grpo_kl_high_mean,Amendment F GRPO-centered stacking,55.4025,41.2,93.31,6.69,65.3,52.4,0.844615,0.428793
clean_sft_grpo_dpo_seed1_full,20260625_031724,clean_sft_grpo_dpo,DPO,1,schema_clean_sft_grpo_v2_seed1_full/20260624_095831/Qwen3-4B-clean-sft-grpo-v2/merged-16bit,scratch/schema_response_confidence/qwen3-4b-instruct/dpo_response_confidence_train.jsonl,14943,32,64,0.05,2,4,8,5e-06,0.15,cosine,0.1,1,-1,1868,1868,374,84.54,46.68,46.68,12.8,3.019,0.377,0.035525,0.6959,0,0,0.7085,0.723358,16.808929,0.000005,0,0.984584,1,11.388148,13.796768,,,,,,,,,Amendment F GRPO-centered stacking,55.77,41.64,93.31,6.69,63.63,51.76,0.866301,0.445413
clean_sft_grpo_kto_seed1_full,20260625_052610,clean_sft_grpo_kto,KTO,1,schema_clean_sft_grpo_v2_seed1_full/20260624_095831/Qwen3-4B-clean-sft-grpo-v2/merged-16bit,scratch/schema_response_confidence/qwen3-4b-instruct/kto_response_confidence_train.jsonl,29886,32,64,0.05,12,1,12,1e-06,0.15,cosine,0.1,1,-1,2491,2491,499,102.72,89.22,89.22,2.59,5.071,0.423,0.09316,0.4994,0.0029,0.0025,0.5006,0.536903,3.233053,0.000001,0,,,11.779487,16.267572,,,,0.026477,0,0.748762,,vram_high;low_vram_headroom;oom_risk_moderate,Amendment F GRPO-centered stacking,54.7825,40.9,89.63,10.37,60.59,49.19,0.864039,0.448626
clean_sft_kto_grpo_seed1_full,20260625_012319,clean_sft_kto_grpo,GRPO,1,schema_clean_sft_kto_seed1_full/20260623_200200/Qwen3-4B-clean-sft-kto/merged-16bit,scratch/schema_response_confidence/qwen3-4b-instruct-grpo/grpo_train.jsonl,14888,32,64,0.05,32,1,32,5e-06,0.0,linear,0.1,1,0,1861,1861,75,300.74,72.62,72.62,6.57,3.461,0.108,0.1162,0.0226,0.1162,0.0226,0.1716,10.326774,60.880177,0.000005,0,,,,,0.660763,0.816193,1.208991,1.259571,1.162418,1.715887,41.887568,grpo_kl_high_mean,Amendment F GRPO-centered stacking,55.1425,40.84,92.54,7.46,66.37,53.56,0.862188,0.447663
schema_clean_sft_dpo_seed1_full,20260623_132930,clean_sft_dpo,DPO,1,sft_schema_clean_seed1_full/20260623_123624/Qwen3-4B-bnb-4bit/merged-16bit,scratch/schema_response_confidence/qwen3-4b-instruct/dpo_response_confidence_train.jsonl,14943,32,64,0.05,2,4,8,5e-06,0.15,cosine,0.1,1,-1,1868,1868,374,101.86,46.68,46.68,12.8,2.448,0.306,0.040386,0.6911,0,0,0.6969,0.363076,6.366373,0.000005,0,0.987735,1,11.517789,14.029757,,,,,,,,,Amendment E clean response-confidence,54.4275,40.69,87.11,12.89,56.18,46.09,0.812083,0.407684
schema_clean_sft_grpo_seed1_full,20260623_233309,clean_sft_grpo_v1,GRPO,1,sft_schema_clean_seed1_full/20260623_123624/Qwen3-4B-bnb-4bit/merged-16bit,scratch/schema_response_confidence/qwen3-4b-instruct-grpo/grpo_train.jsonl,14888,32,64,0.05,32,1,32,5e-06,0.0,linear,0.1,1,0,1861,1861,75,374.03,72.49,72.49,6.6,2.656,0.083,0.1578,0.0074,0.1578,0.0074,0.216,7.293681,22.164684,0.000005,0,,,,,0.085543,0.223628,0.860065,1.763939,1.577549,2.160399,58.718919,grpo_kl_high_mean,Amendment E clean response-confidence,55.3325,39.69,95.54,4.46,75.7,61.8,0.746546,0.369721
schema_clean_sft_grpo_seed1_smoke,20260623_232511,schema_clean_sft_grpo_seed1_smoke,GRPO,1,sft_schema_clean_seed1_full/20260623_123624/Qwen3-4B-bnb-4bit/merged-16bit,scratch/schema_response_confidence/qwen3-4b-instruct-grpo/grpo_train.jsonl,14888,32,64,0.05,32,1,32,5e-06,0.0,linear,0.1,1,12,12,12,14,2.32,45.48,45.48,13.09,3.293,0.103,0.0042,-0,0.0042,-0,0.0047,3.041714,4.428826,0.000005,0,,,,,-0.036908,-0.263839,0.987288,0.019845,0.042486,0.047186,48.166667,,,,,,,,,,
schema_clean_sft_grpo_v2_seed1_full,20260624_095831,clean_sft_grpo_v2,GRPO,1,sft_schema_clean_seed1_full/20260623_123624/Qwen3-4B-bnb-4bit/merged-16bit,scratch/schema_response_confidence/qwen3-4b-instruct-grpo/grpo_train.jsonl,14888,32,64,0.05,32,1,32,5e-06,0.0,linear,0.1,1,0,1861,1861,75,433.06,73.41,73.41,6.38,2.749,0.086,0.1785,0.0033,0.1785,0.0033,0.2135,7.915338,27.015648,0.000005,0,,,,,0.484728,0.616814,1.347141,1.717221,1.78509,2.135184,70.919443,grpo_kl_high_mean,Amendment E clean response-confidence,55.43,41.08,93.41,6.59,66.62,53.85,0.813382,0.403378
schema_clean_sft_grpo_v2_seed1_smoke,20260624_094700,schema_clean_sft_grpo_v2_seed1_smoke,GRPO,1,sft_schema_clean_seed1_full/20260623_123624/Qwen3-4B-bnb-4bit/merged-16bit,scratch/schema_response_confidence/qwen3-4b-instruct-grpo/grpo_train.jsonl,14888,32,64,0.05,32,1,32,5e-06,0.0,linear,0.1,1,12,12,12,14,2.24,45.48,45.48,13.09,3.249,0.102,0.0008,0,0.0008,0,0.0009,2.803808,4.423383,0.000005,0,,,,,0.537545,-0.073269,1.272538,0.005942,0.008493,0.008732,46.666667,,,,,,,,,,
schema_clean_sft_kto_seed1_full,20260623_200200,clean_sft_kto,KTO,1,sft_schema_clean_seed1_full/20260623_123624/Qwen3-4B-bnb-4bit/merged-16bit,scratch/schema_response_confidence/qwen3-4b-instruct/kto_response_confidence_train.jsonl,29886,32,64,0.05,12,1,12,1e-06,0.15,cosine,0.1,1,-1,2491,2491,499,109.74,89.37,89.37,2.55,4.564,0.38,0.095004,0.5007,0.0035,0.0028,0.5011,0.597491,24.551994,0.000001,0,,,11.809314,16.345275,,,,0.070619,0,1.562478,,vram_high;low_vram_headroom;oom_risk_moderate,Amendment E clean response-confidence,53.0075,39.36,81.01,18.99,52.37,44.03,0.852712,0.451579
schema_sft_dpo_seed1_full,20260622_batch2_accum4_seed1,schema_sft_dpo,DPO,1,sft_schema_seed1_full/20260622_141511/Qwen3-4B-bnb-4bit/merged-16bit,scratch/schema_response_confidence/qwen3-4b-instruct/dpo_response_confidence_train.jsonl,14943,32,64,0.05,2,4,8,5e-06,0.15,cosine,0.1,1,-1,1868,1868,374,86.68,46.97,46.97,12.73,2.877,0.36,0.038737,0.6942,0,0,0.695,0.469153,12.877336,0.000005,0,0.987936,1,10.101446,11.965773,,,,,,,,,,,,,,,,,
schema_sft_dpo_seed1_smoke,20260622_batch4_step10_typedcols,schema_sft_dpo_seed1_smoke,DPO,1,sft_schema_seed1_full/20260622_141511/Qwen3-4B-bnb-4bit/merged-16bit,scratch/schema_response_confidence/qwen3-4b-instruct/dpo_response_confidence_train.jsonl,14943,32,64,0.05,4,2,8,5e-06,0.15,cosine,0.1,1,10,10,10,4,0.59,46.22,46.22,12.91,2.929,0.366,0.67837,0.6879,0.6688,0.6688,0.6879,5.470058,6.822061,0.000004,0,0.6625,0.925,0.030225,0.049776,,,,,,,,,,,,,,,,,
schema_sft_dpo_seed1_smoke,20260622_batch8_step10_probe,schema_sft_dpo_seed1_smoke,DPO,1,sft_schema_seed1_full/20260622_141511/Qwen3-4B-bnb-4bit/merged-16bit,scratch/schema_response_confidence/qwen3-4b-instruct/dpo_response_confidence_train.jsonl,14943,32,64,0.05,8,1,8,5e-06,0.15,cosine,0.1,1,10,10,10,4,0.6,94.31,94.31,1.37,2.865,0.358,0.683941,0.6935,0.6744,0.6744,0.6935,5.934618,7.653512,0.000004,0,0.525,0.825,0.019031,0.038494,,,,,,,,vram_high;low_vram_headroom;oom_risk_high,,,,,,,,,
schema_sft_grpo_seed1_batch16_probe,20260622_214301,schema_sft_grpo_seed1_batch16_probe,GRPO,1,sft_schema_seed1_full/20260622_141511/Qwen3-4B-bnb-4bit/merged-16bit,scratch/schema_response_confidence/qwen3-4b-instruct-grpo/grpo_train.jsonl,14888,32,64,0.05,16,1,16,5e-06,0.0,linear,0.1,1,12,12,12,14,1.36,23.94,23.94,18.25,2.661,0.166,0.0002,-0,0.0002,-0,0.0003,1.400745,2.565151,0.000005,0,,,,,0.085645,0.137305,1.04718,0.001519,0.001842,0.002506,41.75,,,,,,,,,,
schema_sft_grpo_seed1_batch32_probe,20260622_214717,schema_sft_grpo_seed1_batch32_probe,GRPO,1,sft_schema_seed1_full/20260622_141511/Qwen3-4B-bnb-4bit/merged-16bit,scratch/schema_response_confidence/qwen3-4b-instruct-grpo/grpo_train.jsonl,14888,32,64,0.05,32,1,32,5e-06,0.0,linear,0.1,1,12,12,12,14,2.12,45.56,45.56,13.07,3.128,0.098,0.0002,-0,0.0002,-0,0.0002,1.049116,2.195786,0.000005,0,,,,,-0.191732,-0.148438,1.09538,0.001476,0.001817,0.002055,38.666667,,,,,,,,,,
schema_sft_grpo_seed1_batch8_probe,20260622_213553,schema_sft_grpo_seed1_batch8_probe,GRPO,1,sft_schema_seed1_full/20260622_141511/Qwen3-4B-bnb-4bit/merged-16bit,scratch/schema_response_confidence/qwen3-4b-instruct-grpo/grpo_train.jsonl,14888,32,64,0.05,8,1,8,5e-06,0.0,linear,0.1,1,12,12,12,14,1.03,18.16,18.16,19.64,1.603,0.2,0.0006,-0,0.0006,-0,0.0008,2.023091,2.878013,0.000005,0,,,,,-0.065658,0.36875,1.076475,0.004601,0.006141,0.008427,40.583333,,,,,,,,,,
schema_sft_grpo_seed1_full,20260623_001629,schema_sft_grpo,GRPO,1,sft_schema_seed1_full/20260622_141511/Qwen3-4B-bnb-4bit/merged-16bit,scratch/schema_response_confidence/qwen3-4b-instruct-grpo/grpo_train.jsonl,14888,32,64,0.05,32,1,32,5e-06,0.0,linear,0.1,1,0,1861,1861,75,480.68,73.05,73.05,6.47,2.695,0.084,0.0943,0.0076,0.0943,0.0076,0.1615,4.300784,15.220305,0.000005,0,,,,,0.116214,0.228457,0.847654,1.141348,0.942529,1.615034,81.447568,grpo_kl_high_mean,Amendment D response-confidence,56.225,40.81,97.87,2.13,74.11,60.33,0.8,0.39512
schema_sft_grpo_seed1_micro_smoke,20260622_212817,schema_sft_grpo_seed1_micro_smoke,GRPO,1,sft_schema_seed1_full/20260622_141511/Qwen3-4B-bnb-4bit/merged-16bit,scratch/schema_response_confidence/qwen3-4b-instruct-grpo/grpo_train_smoke_48.jsonl,48,32,64,0.05,4,1,4,5e-06,0.0,linear,0.1,1,6,6,6,8,0.45,18.4,18.4,19.58,1.054,0.263,0.0003,0,0.0003,0,0.0006,2.895017,6.443405,0.000005,0.000001,,,,,-0.2875,-0.670313,0.828109,0.003124,0.003467,0.006425,26.833333,,,,,,,,,,
schema_sft_kto_seed1_full,20260622_batch12_accum1_seed1,schema_sft_kto,KTO,1,sft_schema_seed1_full/20260622_141511/Qwen3-4B-bnb-4bit/merged-16bit,scratch/schema_response_confidence/qwen3-4b-instruct/kto_response_confidence_train.jsonl,29886,32,64,0.05,12,1,12,1e-06,0.15,cosine,0.1,1,-1,2491,2491,499,127.97,87.92,87.92,2.9,4.423,0.369,0.065176,0.4999,0.0017,0.0015,0.5031,0.449704,10.599035,0.000001,0,,,12.354185,16.083355,,,,0.003483,0,0.223476,,vram_high;low_vram_headroom;oom_risk_moderate,,,,,,,,,
schema_sft_kto_seed1_smoke,20260622_batch16_step10_probe,schema_sft_kto_seed1_smoke,KTO,1,sft_schema_seed1_full/20260622_141511/Qwen3-4B-bnb-4bit/merged-16bit,scratch/schema_response_confidence/qwen3-4b-instruct/kto_response_confidence_train.jsonl,29886,32,64,0.05,16,1,16,1e-06,0.15,cosine,0.1,1,10,10,10,4,0.63,45.03,45.03,13.19,5.235,0.327,0.499774,0.4997,0.4999,0.4997,0.4999,1.800964,1.835845,0.000001,0,,,0.001812,0.001101,,,,0.041519,0.043911,0.043911,,,,,,,,,,,
schema_sft_kto_seed1_smoke,20260622_batch24_step10_probe,schema_sft_kto_seed1_smoke,KTO,1,sft_schema_seed1_full/20260622_141511/Qwen3-4B-bnb-4bit/merged-16bit,scratch/schema_response_confidence/qwen3-4b-instruct/kto_response_confidence_train.jsonl,29886,32,64,0.05,24,1,24,1e-06,0.15,cosine,0.1,1,10,10,10,4,0.7,68.87,68.87,7.47,6.494,0.271,0.498485,0.4994,0.4976,0.4976,0.4994,1.712369,1.985795,0.000001,0,,,0.012128,0.019208,,,,0.005225,0,0.01045,,,,,,,,,,,
schema_sft_kto_seed1_smoke,20260622_batch4_step10_probe,schema_sft_kto_seed1_smoke,KTO,1,sft_schema_seed1_full/20260622_141511/Qwen3-4B-bnb-4bit/merged-16bit,scratch/schema_response_confidence/qwen3-4b-instruct/kto_response_confidence_train.jsonl,29886,32,64,0.05,4,2,8,1e-06,0.15,cosine,0.1,1,10,10,10,4,0.63,18.69,18.69,19.51,2.476,0.31,0.500811,0.5018,0.4998,0.4998,0.5018,2.386452,2.39443,0.000001,0,,,-0.006493,0.001812,,,,0.03261,0.03907,0.03907,,nonpositive_reward_margin,,,,,,,,,
schema_sft_kto_seed1_smoke,20260622_batch8_step10_probe,schema_sft_kto_seed1_smoke,KTO,1,sft_schema_seed1_full/20260622_141511/Qwen3-4B-bnb-4bit/merged-16bit,scratch/schema_response_confidence/qwen3-4b-instruct/kto_response_confidence_train.jsonl,29886,32,64,0.05,8,1,8,1e-06,0.15,cosine,0.1,1,10,10,10,4,0.47,26.46,26.46,17.65,3.751,0.469,0.499226,0.5009,0.4976,0.4976,0.5009,2.401514,2.427094,0.000001,0,,,0.006183,0.019335,,,,0.02557,0.029615,0.029615,,,,,,,,,,,
sft_schema_clean_seed1_full,20260623_123624,clean_sft_merged,SFT,1,unsloth/Qwen3-4B-bnb-4bit,scratch/schema_response_confidence/qwen3-4b-instruct/sft_response_confidence_train_clean.jsonl,14943,32,64,0.05,10,1,10,0.0002,0.03,linear,,1,-1,1495,1495,60,29.3,135.99,135.99,0,8.514,0.851,0.4281,1.7269,0.4281,0.4145,1.7269,0.647341,1.479443,0.000199,0.000003,,,,,,,,,,,,capacity_pct_over_100;vram_high;low_vram_headroom;oom_risk_critical,Amendment E clean response-confidence,54.33,40.58,87.02,12.98,57.51,47.23,0.748489,0.363656
sft_schema_clean_seed1_smoke,20260623_123251,sft_schema_clean_seed1_smoke,SFT,1,unsloth/Qwen3-4B-bnb-4bit,scratch/schema_response_confidence/qwen3-4b-instruct/sft_response_confidence_train_clean.jsonl,14943,32,64,0.05,12,1,12,0.0002,0.03,linear,,1,32,32,32,4,0.92,53.91,53.91,11.06,7.87,0.656,0.5763,1.5089,0.5763,0.5763,1.5089,1.046232,1.246076,0.000148,0.000019,,,,,,,,,,,,,,,,,,,,,
sft_schema_contrastive_seed1_smoke,20260623_110043,sft_schema_contrastive_seed1_smoke,SFT,1,unsloth/Qwen3-4B-bnb-4bit,scratch/schema_response_confidence/qwen3-4b-instruct/sft_response_confidence_train_contrastive.jsonl,29338,32,64,0.05,12,1,12,0.0002,0.03,linear,,1,32,32,32,4,0.91,110.3,110.3,0,7.698,0.642,0.5805,1.4688,0.5805,0.5805,1.4688,0.942707,1.078291,0.000148,0.000019,,,,,,,,,,,,capacity_pct_over_100;vram_high;low_vram_headroom;oom_risk_critical,,,,,,,,,
sft_schema_probe_scaled_seed1_full,20260623_095638,sft_schema_probe_scaled,SFT,1,unsloth/Qwen3-4B-bnb-4bit,scratch/schema_response_confidence/qwen3-4b-instruct/sft_response_confidence_train.jsonl,14943,32,64,0.05,12,1,12,0.0002,0.03,linear,,1,-1,1246,1246,50,23.97,122.06,122.06,0,10.553,0.879,0.1646,1.5166,0.1646,0.1495,1.5166,0.540013,1.352479,0.000198,0.000004,,,,,,,,,,,,capacity_pct_over_100;vram_high;low_vram_headroom;oom_risk_critical,,,,,,,,,
sft_schema_probe_scaled_seed1_smoke,20260623_094821,sft_schema_probe_scaled_seed1_smoke,SFT,1,unsloth/Qwen3-4B-bnb-4bit,scratch/schema_response_confidence/qwen3-4b-instruct/sft_response_confidence_train.jsonl,14943,32,64,0.05,12,1,12,0.0002,0.03,linear,,1,32,32,32,4,0.75,53.91,53.91,11.06,9.344,0.779,0.3374,1.3736,0.3374,0.3374,1.3736,1.228951,1.603655,0.000148,0.000019,,,,,,,,,,,,,,,,,,,,,
sft_schema_probe_scaled_seed1_smoke,20260623_095431,sft_schema_probe_scaled_seed1_smoke,SFT,1,unsloth/Qwen3-4B-bnb-4bit,scratch/schema_response_confidence/qwen3-4b-instruct/sft_response_confidence_train.jsonl,14943,32,64,0.05,12,1,12,0.0002,0.03,linear,,1,2,2,2,1,0.23,36.16,36.16,15.32,,,,,,,,,,,,,,,,,,,,,,,,,,,,,,,,
sft_schema_seed1_full,20260622_141511,schema_sft_merged,SFT,1,unsloth/Qwen3-4B-bnb-4bit,scratch/schema_response_confidence/qwen3-4b-instruct/sft_response_confidence_train.jsonl,14943,32,64,0.05,12,1,12,0.0002,0.03,linear,,1,-1,1246,1246,50,23.69,118.52,118.52,0,10.696,0.891,0.1609,1.2921,0.1609,0.1355,1.2921,0.618659,1.433132,0.000198,0.000004,,,,,,,,,,,,capacity_pct_over_100;vram_high;low_vram_headroom;oom_risk_critical,,,,,,,,,
sft_schema_seed1_smoke,20260622_140247,sft_schema_seed1_smoke,SFT,1,unsloth/Qwen3-4B-bnb-4bit,scratch/schema_response_confidence/qwen3-4b-instruct-smoke-256/sft_response_confidence_train.jsonl,256,32,64,0.05,16,1,16,0.0002,0.03,linear,,1,-1,16,16,18,0.53,78.28,78.28,5.21,10.017,0.626,0.371,3.5602,0.371,0.2861,3.5602,3.534792,18.763195,0.0002,0.000013,,,,,,,,,,,,,,,,,,,,,
sft_schema_seed1_smoke,20260622_141132,sft_schema_seed1_smoke,SFT,1,unsloth/Qwen3-4B-bnb-4bit,scratch/schema_response_confidence/qwen3-4b-instruct-smoke-256/sft_response_confidence_train.jsonl,512,32,64,0.05,16,1,16,0.0002,0.03,linear,,1,-1,32,32,34,1.18,116.49,116.49,0,8.115,0.507,0.3939,3.6314,0.3939,0.2616,3.6314,2.221838,19.084188,0.0002,0.000006,,,,,,,,,,,,capacity_pct_over_100;vram_high;low_vram_headroom;oom_risk_critical,,,,,,,,,
